0.022411749,0.03208133,-0.08524323,0.021250946,-0.01813785,0.012566875,0.04712757,-0.023785789,0.0137790935,0.037411805,-0.032655712,-0.047964208,-0.054561097,-0.03421223,-0.016711896,-0.05180621,0.028424008,-0.08171866,-0.0066533783,-0.049342398,0.012461248,-0.014831583,-0.06576185,-0.026552584,0.08417226,-0.018948637,0.04392411,0.022543775,0.05441941,0.0072182096,-0.05975293,0.01746228,0.007990081,-0.0014646203,0.0070458143,0.06772093,0.0060648075,0.0812997,-0.03168909,0.05626972,-0.026770996,-0.016584774,-0.053126235,0.039222427,-0.02960333,-0.02262106,-0.008937919,0.027491996,0.0077300523,0.041595142,0.039281417,0.078627676,0.04792301,0.01675492,-0.017114252,-0.08174629,0.0014490995,-0.0077903015,0.041712314,0.0011678864,-0.07269293,0.05072324,-0.017018454,0.021815619,-0.084534496,-0.09455857,-0.05818418,-0.088113174,-0.0003492271,-0.09742806,0.013662651,0.040123485,0.027642302,-0.08565307,0.054640643,-0.028872073,-0.012061653,-0.047667097,-0.012736021,0.03741434,0.09060444,0.028664038,-0.056855116,-0.016307471,-0.046379767,0.059260342,0.007989907,-0.0068409345,-0.00909552,-0.016098626,-0.05493751,-0.040298857,0.020241074,0.025418038,0.027281063,-0.021251477,0.01590507,0.00784805,-0.009498155,-0.03359613
-0.06246543,-0.062309813,0.037512105,-0.049544446,0.03660457,0.043804757,-0.006817425,0.061442103,0.01543185,-0.03955302,0.0802878,0.017260259,-0.05738106,-0.0070697535,0.041460857,0.035982642,0.020157441,-0.014078189,0.016662512,-0.04381044,-0.08160939,-0.025433995,-0.050936442,0.04740505,-0.029874962,0.014006796,-0.023084994,0.03773675,0.05066418,0.09528313,-0.025202282,-0.02044816,-0.025701627,-0.015267768,0.025068829,0.069393076,-0.047354165,0.011357682,-0.054049563,-0.012618597,0.061119504,-0.028123487,0.0058468278,-0.03358579,0.069294,-0.037356205,0.044578258,0.017107012,0.0026038263,-0.041438777,0.01751636,-0.03245673,0.023971254,0.032274168,-0.058007527,0.048647765,0.037898026,-0.0128549505,-0.04558305,-0.0068702637,0.01068365,-0.051890366,0.015962947,0.044003747,0.002029061,-0.0007071297,-0.058296733,-0.00619381,-0.017701726,-0.026954599,-0.03807643,0.09077197,0.078714564,0.066580825,-0.052871533,0.001985373,-0.047756903,0.03795583,0.003981066,-0.0044925297,0.021680789,-0.009249233,0.08213727,-0.040111516,-0.036483902,-0.04826303,0.033606276,-0.02228306,-0.060055416,0.069464624,-0.04717085,-0.05976744,0.06800443,-0.08584329,-0.0168877,0.03412776,0.034173302,0.03832492,0.033484165,-0.07459832
-0.014892143,-0.060260173,0.026831793,0.07440366,-0.025718017,-0.05029841,0.07981539,-0.05978114,0.014521442,0.024642743,0.09263409,-0.05008615,0.030944105,0.011578518,0.036798086,-0.013881899,-0.021702548,0.01969535,0.011934251,-0.017867839,0.030163031,-0.06396937,-0.01793645,-0.01883581,-0.009593194,0.016276646,0.018973796,0.042232096,0.044501968,0.03281898,-0.04275346,-0.03471661,-0.048848636,-0.09529454,-0.037473336,-0.021967787,0.0087183835,0.009386597,0.052363902,-0.074394345,-0.04474071,-0.025938746,-0.017521387,0.04418082,-0.009229107,-0.017016474,0.0054825163,-0.051415168,-0.06608678,0.030028472,-0.0051183198,0.043845337,0.09605938,0.02495959,-0.0025735178,0.00069790974,0.014405573,-0.016379993,-0.032125052,0.014923738,-0.062370203,-0.051283434,0.026700713,0.08467897,-0.013258872,-0.046029802,-0.0051618195,0.072104044,-0.06535782,0.0063274344,-0.06381144,0.0033542607,0.039962128,0.037827946,-0.032999396,0.015858669,0.018065277,0.0069284923,0.06199206,0.006151435,0.037937224,-0.071605004,0.016293176,0.0044854777,0.0013118942,-0.0005395077,0.020709403,-0.030843608,-0.0015034722,-0.038188178,0.04995579,-0.005314223,0.09011457,0.084197916,0.02804305,0.016267693,-0.0066881557,0.00951172,0.07645299,0.036293976
-0.061692968,0.012410599,0.039335072,0.014315414,-0.053045504,-0.085621096,0.0073366254,-0.051195778,0.058518298,-0.039700266,-0.0609656,0.037767686,-0.034258213,-0.057849962,-0.081643276,-0.012968178,0.04080935,0.009497168,-0.0018647435,-0.018512286,-0.0077589625,0.008192026,-0.013545941,-0.014276004,-0.056792844,-0.017485898,-0.09587439,-0.034121044,0.024530234,-0.059237164,0.019343836,0.01376107,0.0073271804,-0.0018721087,0.03435544,0.050051466,-0.03807823,0.0059361146,-0.035355795,0.033320285,-0.019322239,-0.014810312,0.0016857358,0.0018276358,-0.024036944,-0.019996565,-0.02608762,0.022777801,0.006236844,-0.0010902862,0.033867255,0.024248084,0.014974945,-0.0069388705,-0.029130163,-0.08272935,-0.023778694,-0.051072385,0.07209413,0.06276389,0.050345767,0.09242765,-0.030631553,0.019640047,-0.007960118,-0.0817413,-0.026782827,-0.0032480187,-0.05173149,-0.013500909,-0.036925994,0.023568645,0.05387554,0.019506045,-0.016153777,0.012442301,0.06629638,0.04037961,0.07534303,-0.058334336,0.018383635,0.046197914,-0.077275015,-0.04898816,0.064663745,-0.06424119,-0.009709525,-0.03509509,0.01490704,-0.078086115,-0.010095607,-0.024446687,-0.012754091,0.022341326,0.023659078,0.0028872346,0.013061408,-0.03776617,0.0434608,0.008138192
0.004637868,-0.0026984508,0.021903573,-0.0038596184,0.046804015,0.02216831,0.08756349,0.015607322,-0.037071977,-0.032122042,0.0783462,-0.05119319,0.00033458986,0.04453078,0.0017887722,-0.04708995,0.02687778,-0.079155244,-0.07151643,0.014208766,-0.008394712,0.030625671,0.0067614377,0.004357025,-0.039460525,-0.0012434882,0.07957102,-0.030429438,-0.06321356,-0.04030622,0.026211511,-0.0046489965,-0.022829272,-0.0049585835,-0.026490128,0.014953774,-0.0842596,0.018925032,0.018540129,0.041445177,-0.045483615,0.0518944,-0.009966692,-0.052033406,0.009516222,0.020548299,0.048382,0.028267456,0.041653797,-0.012072328,0.021018324,0.057110704,0.0357684,0.043352388,-0.014520454,-0.021222966,-0.048125364,0.012687492,-0.014095141,-0.0011758016,-0.0112407515,-0.02143294,-0.01579831,0.03271824,0.03221573,-0.017260449,-0.040804345,-0.033782315,0.043424785,0.02001515,0.036040094,-0.017445898,-0.09314552,0.04227754,0.053362392,0.024704278,0.056514848,-0.014505048,-0.02123378,0.037962377,0.071736746,-0.03693264,0.07893806,-0.013398245,-0.023402419,-0.09257018,0.011199974,0.061571583,0.03557881,-0.013874638,-0.082830705,0.0031337289,0.08456544,0.04210211,-0.049153462,-0.044310004,-0.073275276,-0.033095784,-0.0037181198,-0.021209726
-0.010351445,0.054978646,-0.022560192,-0.037315845,0.0240462,-0.079043224,0.011046792,0.010812432,0.07195509,0.020623332,0.0684584,0.015686395,0.073271275,-0.017267931,-0.052611116,0.062915586,0.025928156,0.031076584,-0.02846346,-0.016217364,-0.028311243,-0.0213469,0.028456977,0.030639984,0.020804135,-0.027047524,-0.014253373,-0.01479147,-0.0399705,0.025580844,-0.00554898,-0.038213447,0.014195491,0.023997493,-0.044195693,0.021366933,0.06590412,0.011262466,0.0299518,-0.033323146,0.016698701,-0.041041642,0.04009887,0.01764011,-0.08003697,-0.022041187,0.04535232,0.0031032322,0.048994884,-0.002285442,0.07598571,0.018961256,0.042696875,0.09837353,0.06159127,-0.050534822,0.003159443,0.07437644,-0.049103778,0.07001471,0.018417709,-0.014034047,-0.0074398434,0.011819993,0.024407273,-0.0019783352,-0.0071197245,-0.03509811,-0.05960117,-0.001405398,0.005975511,0.046027407,-0.020790398,0.08241804,0.023600416,-0.005117679,0.0255233,-0.076437235,0.09479604,0.07397931,-0.020123143,-0.02674181,-0.07015698,0.047057115,-0.08492282,0.009221841,-0.03653303,-0.044048466,0.07102287,-0.010113118,0.059847377,-0.021281669,-0.017717179,0.08171606,0.042131025,0.010948403,-0.08996934,0.050863575,0.01598531,0.026467595
0.0040824404,0.0012442144,0.021564703,-0.065899365,0.051833887,0.00041561236,0.07036067,0.026732096,0.0081659835,-0.058192544,0.017316138,-0.00724392,-0.030633371,-0.016107282,-0.030215112,0.034717027,-0.03138395,-0.0045088367,-0.03730662,-0.034669757,0.042660564,-0.026886974,-0.007439518,0.022407698,-0.012767795,0.072365396,0.049250267,-0.026049765,0.0024917414,-0.025483439,0.009992323,0.06417882,0.04939586,0.07308251,0.037199467,0.0034157806,-0.00061093346,-0.027469225,-0.04025623,-0.09358124,-0.026495315,-0.016973248,0.033377122,-0.09951908,-0.05302559,0.036219813,0.03326106,0.0029277902,0.005123274,-0.047978807,0.033537254,-0.036116414,-0.04465831,0.0614443,0.00064951705,-0.032574106,0.03280711,-0.020359704,0.031654775,0.07449014,0.03138395,-0.06728099,0.011611512,-0.01961847,0.008473033,0.029619023,0.028040087,-0.06015431,0.002174734,0.026117092,0.049320485,-0.016195621,-0.0001880259,-0.035600435,-0.024541212,-0.014651459,-0.005332956,0.015555265,0.027182264,-0.008988373,0.07966302,-0.02845946,0.004328778,0.08578638,-0.0873567,-0.016218102,0.037111368,0.06386611,0.011681981,-0.014377521,0.07400452,-0.022793772,0.038571894,0.02012414,0.050551366,0.039528146,-0.035365045,-0.0588904,0.021881996,0.02980639
-0.019869333,-0.038734898,-0.07137628,-0.013022135,0.014460522,0.08482021,0.04588233,0.020766867,0.057949193,-0.0008270628,-0.08602973,0.08992047,-0.020080982,0.034795005,0.025335195,-0.024028694,-0.04041786,-0.0203472,-0.046500023,-0.03520685,-0.026388098,0.019827574,-0.06604949,-0.013736129,-0.024060234,-0.07236347,0.019370275,0.058030814,-0.04503675,0.022990834,0.0047381744,0.022332989,0.03055854,-0.042134725,-0.04382376,-0.008134931,0.030186653,-0.019622345,0.005100492,0.08640685,-0.037961323,0.03391178,-0.04027447,0.09741727,0.010412761,0.05240178,-0.0663043,0.06997435,0.07475798,-0.033328023,0.0595396,-0.06857136,-0.03116818,0.050916415,0.06884383,-0.017472,0.009411569,-0.016304318,0.058536425,-0.022989523,0.012882704,0.008581467,-0.018093772,0.0019698697,0.02144519,-0.0006304343,-0.021918686,0.0071043656,0.008601491,0.027044056,-0.035176687,0.06914907,0.057804585,-0.027751923,-0.022293769,-0.0020611417,-0.053319734,-0.072321355,-0.0122199515,0.03814783,-0.056699593,-0.04796287,0.011039962,-0.056129694,0.0025824483,-0.005891227,-0.0304002,0.066282645,0.024886379,-0.05760042,-0.033903364,-0.036516424,-0.05981656,-0.024371222,0.026507322,-0.06680175,0.028410824,0.04853478,-0.017257733,0.015220008
-0.036375444,-0.04586522,-0.008380561,-0.044511296,0.040518448,0.037267197,-0.027228048,-0.042966034,-0.0046207206,-0.016771212,0.07144467,0.06228314,0.030811029,-0.05167376,0.03713616,0.0187443,-0.036312178,-0.056222953,-0.062004928,0.06417393,0.001024174,-0.04496328,-0.047547296,-0.0026700168,0.013299564,0.02186268,-0.03116229,-0.010808671,0.016198155,-0.007804817,0.07783434,-0.02985641,0.005041301,0.06037213,-0.06361745,-0.029877024,-0.020204967,0.002722598,-0.05251008,0.0024212615,-0.016766973,-0.025281126,-0.043042388,0.019242896,0.0714002,0.060574856,0.031932205,0.062346485,0.025372423,-0.018423293,-0.032748803,0.049969584,-0.023545543,0.049472187,0.07250811,-0.09563709,-0.037949026,-0.016322682,-0.07546535,0.016435409,0.0672447,0.073698744,-0.04779576,-0.09950722,0.00065454864,-3.2283012e-08,0.060679697,0.069160394,0.03564364,-0.029482147,-0.013086258,0.028269714,0.019340921,0.037683718,-0.09161228,-0.03342256,-0.017851256,-0.029805636,-0.0049173343,0.043542307,0.009765142,-0.015494057,0.015812444,0.040165298,-0.053789,0.048085652,0.013237002,0.06787639,0.097147904,0.029784016,-0.07837805,0.03679742,-0.02803405,0.034229744,0.045642756,-0.0040646843,0.050876867,0.04739077,-0.02038068,0.001837799
0.010005926,-0.0066143735,-0.047985777,-0.033913948,0.0630474,-0.04142619,-0.02916299,-0.0030471121,0.044463698,0.0075864764,-0.0030981766,-0.01218536,0.0346655,0.05204083,-0.084783755,0.01109561,0.0509988,0.04510573,-0.035137974,0.094846584,-0.099756815,0.012146621,-0.05353701,0.047539555,-0.058978684,0.043892436,-0.09119266,-0.056613978,0.07644483,-0.0021884954,0.019517718,-0.030527342,-0.0031854867,0.057263725,0.03621545,0.025434703,0.023759374,0.00037747648,-0.056824803,0.072784595,0.01804901,-0.005551764,-0.0068869176,-0.003214465,-0.0014778282,0.025164353,0.018929357,-0.02676379,-0.042123057,-0.012666782,0.095369615,0.06250441,-0.07738929,-0.0665657,0.06528725,-0.01867611,-0.0040629217,-0.01770515,-0.019000351,0.055973794,-0.024792368,0.005946834,0.06514947,-0.076683976,0.030685563,0.0054395297,0.05409114,-0.044042595,-0.069013834,0.01730753,0.011899966,0.05298888,0.046333022,-0.030225953,0.010312857,0.040681172,-0.05309129,0.0029506448,0.0072616255,-0.09045213,-0.055915147,0.018334784,-0.004337055,-0.0018414906,0.029356409,-0.04604835,-0.014329729,-0.06853372,-0.0459831,-0.0286653,0.016472783,-0.038844727,-0.0027459513,0.014331114,-0.0018092886,-0.049142085,-0.032915283,0.023851657,-0.037205487,-0.046771742
-0.053574316,0.05800453,-0.012713389,0.03979457,-0.0074393325,0.00979792,-0.047691878,0.020369109,0.037232827,0.076615326,-0.08547838,-0.06893585,-0.00961719,-0.0009467216,-0.00498813,0.0031686004,-0.0443717,-0.00341439,-0.021308348,0.024297386,0.02163615,-0.047390155,0.03348413,-0.0016257876,0.096427724,0.08263815,-0.049499743,-0.053322714,0.01331421,0.040575124,-0.020012338,0.016337043,-0.020278497,-0.09033511,0.050113376,-0.020713087,0.079937294,-0.021154663,0.028987944,0.040857654,0.055645194,-0.02357815,-0.022415033,0.023032472,-0.07865384,0.0051302956,0.012055995,0.013931612,0.016741775,0.0501476,-0.029993277,-0.0020332315,0.09348935,-0.08283633,0.037541628,0.040012687,-0.015871137,-0.038350787,-0.084860325,0.06732533,-0.018243695,0.081651114,-0.073168755,0.052890245,0.05678054,-0.014493107,0.013344248,0.07733306,0.07597159,-0.056409616,0.014356223,0.07741983,0.01361407,-0.073892355,-0.016864795,0.0052230754,-9.526596e-05,-0.009803627,0.0066806544,0.08244761,0.016608931,0.044084657,0.041676506,0.02603908,0.051507793,-0.0034945589,-0.0038699803,-0.00016376401,-0.07266997,-0.034056734,-0.029071601,-0.02193254,-0.010082646,-0.05527272,-0.046810158,0.03395989,-0.03801847,-0.00856541,0.061179157,0.030974006
-0.0045167874,0.009085717,0.064197846,-0.011457887,-0.07291296,-0.0012560695,0.02619853,-0.02866918,-0.0575327,-0.027159322,0.028650621,0.0124909375,-0.057332043,0.044586714,0.020740045,-0.009336407,0.02266884,-0.027801445,0.030055549,-0.020411748,-0.017079353,0.07979623,-0.014489315,0.0029473358,0.09253106,0.002058602,-0.02712189,0.06611935,-0.08166354,-0.09057994,0.034696203,0.00050585467,-0.09013555,-0.048340537,0.01581957,-0.029388579,0.006165499,-0.061191216,-0.04948693,0.020660628,-0.019869573,-0.049698327,-0.08254022,-0.042747512,0.006816856,-0.026083661,-0.00046259057,-0.057532676,-0.07461978,-0.0029429449,0.017377928,0.069592044,-0.015281631,-0.0066123316,-0.088111155,-0.029361375,-0.08601689,0.03661418,-0.0027357568,-0.09348502,0.056657154,0.032479182,0.07812141,0.03879756,0.052725144,-0.032141127,-0.028952232,0.005779049,0.040900957,-0.02515367,0.0022610482,0.022926264,0.0033191605,0.040808324,0.013335501,-0.031725746,0.040088132,-0.02537164,-0.051984858,0.09545274,-0.035908245,-0.045604788,0.052181013,-0.050255343,0.004427647,0.015255649,-0.024163257,0.03980154,-0.07321882,-0.014487054,-0.02729812,0.027952183,0.06320227,0.040815152,-0.028324183,-0.010332304,-0.020532431,-0.019547723,0.051771514,0.03199875
-0.0608437,-0.04570531,-0.026211578,0.07223873,-0.02673787,-0.005675396,0.022547701,0.01962035,-0.05953949,-0.052360848,-0.061560012,0.014870694,0.054432396,-0.038861237,0.0674255,-0.022491645,-0.05750307,0.051079813,-0.01742411,-0.0024256841,-0.09197819,-0.06988503,0.061705798,-0.0074842083,-0.0055505377,-0.006541976,0.032169845,-0.03633158,-0.032176763,0.010435315,-0.029375445,0.01926834,0.049575604,0.028242754,-0.04166875,-0.04945525,-0.04490361,-0.0040085535,-0.0061810534,0.039976195,0.016550915,0.026774218,-0.020804709,-0.035652645,0.094119675,-0.0033931225,0.085482694,0.03070606,0.023726113,0.08398043,0.03304333,0.07915749,0.015520624,-0.031703584,-0.026148379,-0.014294251,-0.046076205,0.027214436,0.021024704,0.0231007,0.0051368424,0.07816006,0.044330467,0.08176492,0.010123682,-0.060038455,0.056261614,-0.02165738,-0.023660228,-0.037116893,0.077969015,0.03633145,-0.031781275,0.007455777,-0.040234342,0.04141464,-0.009715359,-0.028774997,-0.019113936,-0.03638783,-0.0533988,0.022277726,0.032289412,0.06789259,0.01823372,0.04492593,0.027424943,0.007749666,-0.030049069,0.07928078,0.027549848,-0.030001786,-0.005265732,0.02855624,0.057954744,-0.026955549,0.05005987,0.04464701,-0.03468212,0.07523218
-0.019832643,-0.003097565,-0.0030860142,0.028260587,0.08383442,0.063428685,0.042201426,-0.07523632,0.00037989297,0.07810347,0.0058784066,-0.0426029,-0.09253735,0.008146609,-0.027422221,-0.06375215,-0.022683581,-0.057974942,0.062333364,-0.05394044,-0.072308905,0.074966304,0.035829477,0.03129557,0.06827336,-0.06739885,0.04877168,-0.021434661,0.0010476031,-0.056189217,-0.03902981,0.06005422,-0.043309193,-0.021004377,-0.004561144,0.059522614,0.019350706,0.03976167,0.0736323,0.018184094,0.01569456,-0.048233006,0.019008948,-0.030943345,0.01570943,0.044401776,-0.04810629,0.04098115,-0.06993011,0.045801766,-0.054232273,-0.034428302,-0.09765174,0.044861455,-0.018672457,-0.019062476,0.0031047738,-0.017296953,0.03416752,0.072702155,0.041999366,0.050808366,-0.028528357,0.07190821,-0.015383644,-0.022694752,-0.018647468,0.0031907973,-0.0071699545,0.0013142164,0.0089480365,-0.021752153,0.005965481,-0.035392992,-0.04612926,-0.010641902,0.022718757,-0.06539007,-0.059481002,0.014277419,-0.017337743,0.0943302,-0.0054886984,0.05955133,0.0016261778,0.006634548,-0.06010652,0.017525068,-0.010211227,-0.0029467633,0.0027559975,-0.05257305,-0.011328922,0.07616558,0.0010705941,0.05071307,-0.05388602,0.028738726,0.009187348,-0.0040146615
-0.047691636,0.044901803,-0.0072017675,-0.0058370074,0.057529382,-0.031084077,-0.03267943,0.051560555,0.033515394,-0.018318368,-0.0031960467,0.016966473,-0.035322696,-0.059473243,-0.014678423,-0.08589473,0.022638984,0.03439859,0.003223712,0.037865784,0.04063342,-0.021089146,-0.00065450853,0.0033397884,0.034537446,0.07797387,0.020690309,-0.044117495,0.056698754,-0.017105548,-0.06345567,0.038695153,-0.030190922,-0.0032791705,-0.053047936,-0.019183492,0.07153446,-0.044846267,-0.030032946,-0.0032366607,-0.037582844,0.008623119,-0.005596835,0.012038974,0.013506438,-0.018172406,0.05249082,0.048732318,0.025264002,-0.009295949,0.016277058,0.050523326,0.0031491534,0.042432953,-0.013777983,0.0073747477,0.04796067,0.039329097,-0.025170835,0.011486282,-0.055501528,0.023780832,-0.005796089,-0.003135629,0.015125998,0.064413436,0.0437457,0.0414065,-0.039230682,-0.0745925,-0.045158822,-0.026908353,-0.052515805,-0.021797867,-0.011225766,0.004785891,0.065987915,0.017492082,-0.00067798456,0.0014012102,0.050568048,0.06492731,0.01979151,-0.035268877,-0.08944365,0.028950844,0.009589405,0.0071425713,-0.048073765,0.011024446,-0.0068598017,-0.046036165,0.028989738,-0.06832584,0.029302407,0.06163807,-0.028793514,-0.037575625,-0.09432527,-0.050835177
0.054842383,0.04156357,0.04524083,-0.046699412,0.04802669,0.04845704,0.034723107,0.05097061,-0.06947969,0.009690505,0.039995562,-0.06726246,0.05749705,-0.020063179,-0.05319311,0.030059103,0.07670675,0.024920931,-0.04961272,-0.025451673,-0.0007210397,0.010925423,-0.011505632,-0.007528566,0.016393367,-0.003704474,0.047092173,-0.046760447,0.009909637,0.030719185,0.0953313,-0.017281283,0.06949659,-0.013269318,0.009388998,0.036464076,-0.01812429,-0.028156301,-0.078693934,-0.019666487,-0.044668358,-0.075679645,-0.029900748,-0.04025402,0.06060957,0.035069473,0.02304205,0.08382825,0.04673807,0.07649775,-0.02606655,0.021335866,-0.04456273,0.021623312,0.05938894,-0.03796241,0.048975915,0.079019934,-0.051114637,0.019858133,0.031157639,0.03821112,0.03059656,0.023819337,0.012313755,0.003739822,0.018734623,-0.022095153,-0.01285877,-0.06618817,0.020150015,-0.0542928,-0.023978503,-0.030100582,0.057417266,-0.060101695,0.030476397,-0.059719514,-0.02353731,0.029095832,0.07143899,0.02575433,-0.004076206,0.054181326,0.054787867,0.024991157,0.06878722,-0.037449595,0.025451658,0.03598079,0.028541364,-0.0079145,0.03141043,0.04782328,-0.06634401,-0.019724624,0.00732585,0.08519012,-0.051240932,-0.0709765
0.07253917,0.061741192,0.03878601,0.040525924,-0.005141249,0.02128628,-0.040664867,0.032152735,0.028082786,-0.052430663,-0.018064704,0.056512047,-0.015327555,-0.05332042,-0.012803835,-0.096819036,0.061147835,0.0032685846,0.021767912,-0.06696288,0.018318588,-0.06690303,0.013210523,0.005511875,-0.03799744,0.037362397,0.08355383,-0.016379142,-0.05794951,-0.028949484,0.021365691,-0.051719695,0.019082006,0.01598328,-0.059353888,-0.09113909,0.020071957,-0.023312123,0.017219886,-0.05152911,-0.05450836,0.074802384,0.010242387,0.07364395,0.019213082,-0.016623855,-0.014087997,-0.026836153,-0.019130075,0.096593186,0.04781255,-0.06866643,0.022759622,-0.013379536,0.061946437,0.028092247,0.07114058,0.028885497,-0.006250807,-0.08534811,-0.03751217,-0.019308187,-0.02848949,0.0032816138,-0.026319467,-0.03110743,-0.037276614,0.0030292375,0.010970199,-0.002571426,0.0026080087,0.04211293,0.028586328,0.07558533,0.03786896,0.035146214,-0.057190236,-0.010906674,0.03310907,0.06535567,0.07594814,0.046901386,0.058474418,0.04172904,-0.014081629,-0.035322063,0.01674279,0.010022536,0.014185233,-0.00654682,-0.026145749,-0.04078904,-0.001723657,-0.026518516,-0.026680334,-0.074030094,0.06431681,-0.08578032,0.028350867,0.056386802
-0.00626592,-0.06658661,0.008192392,0.02424859,-0.039912775,-0.026743999,-0.03034022,-0.069208145,-0.067101665,-0.004564826,-0.021813443,0.03890094,-0.0038171625,-0.008580897,-0.016570577,-0.032323357,0.036763187,-0.03133315,-0.009569319,-0.0058934214,0.038510803,0.07571578,0.041914687,-0.015269028,-0.0605361,0.034109477,-0.060854778,0.0026515871,-0.032173894,-0.026004044,0.06085567,-0.03252572,0.014561991,0.07616569,0.0045875977,0.012505447,-0.07273153,0.007875758,-0.07366031,-0.034452092,0.024915997,0.019293766,0.033975214,-0.07046164,0.0040278267,0.0032987974,-0.0055176266,0.030925382,-0.023008293,0.07477839,-0.045397766,-0.068281814,-0.0021169966,-0.019942433,0.026128545,-0.017680287,0.081996664,0.018367784,0.04718787,-0.016527947,-0.017183606,0.023178825,0.06980982,0.09940838,0.005787815,-0.021248287,0.023402832,0.07632291,-0.057789117,0.015061737,-0.048434284,0.0076840296,-0.06057791,0.0795093,0.008088812,-0.039027944,0.017441252,0.017006632,-0.0049281507,0.017411094,-0.08722471,-0.027324373,0.0058450093,-0.0011925249,-0.044526305,-0.0412673,-0.020133637,-0.055053003,0.027338153,0.033640396,-0.048773244,-0.023114795,-0.09698768,0.032533854,0.023471983,-0.06768948,-0.01357782,-0.015695915,0.036541555,0.004174921
-0.02222415,0.022911604,-0.06493624,0.03822682,-0.023896776,0.02488452,-0.05920906,0.073335156,0.07431651,-0.06543202,-0.03313168,0.06437831,0.060794946,-0.09327925,-0.024153536,-0.051136263,0.050317653,-0.018324232,-0.06395346,0.05358715,0.024726322,0.04190906,0.019416146,0.013917088,-0.042563394,0.0075566517,0.0017628651,-0.06449581,-0.08176255,-0.0367476,-0.005149232,0.050987866,-0.08711035,-0.013676279,0.019008499,-0.06013569,0.0014425565,0.019978058,-0.017041659,-0.050966952,0.026108278,0.0319463,-0.050201423,0.08544522,0.04778003,-0.009304838,0.021684809,0.049988754,-0.005385171,0.0319716,0.04044582,0.016853305,0.036991026,-0.002616837,0.034798738,0.0118119195,-0.0037505,0.018797752,-0.08397732,-0.028558882,0.034189694,-0.02868624,0.048562426,0.084900156,0.02632981,0.04750677,0.05857059,-0.024463216,0.013255477,-0.010004208,-0.042356063,0.05948205,0.07052118,-0.06356416,0.0056483876,0.0016333269,-0.012193346,0.020663606,-0.047117427,-0.00081705657,0.019912954,0.0982334,-0.044108756,-0.037283577,0.02459051,-0.05088907,0.047424354,0.094267525,-0.051520173,-0.08713576,0.024054779,-0.030116485,-0.028847538,0.018835349,0.041601185,-0.025581757,0.07209491,-0.0347021,0.057108294,-0.0007503837
0.0036996303,-0.00663864,-0.055532895,-0.011626005,0.02298696,0.04887191,-0.035897404,0.041364506,-0.020946017,-0.032516345,-0.011184972,0.0010718763,-0.028206425,0.053455163,-0.04479145,0.008973345,-0.09698368,-0.004753412,-0.077336,-0.071426466,0.072623484,0.09482136,0.07484841,-0.099597976,-0.06233325,-0.031536054,-0.061909508,-0.013507197,-0.0040068887,0.007934227,-0.034671407,-0.024850275,0.040870927,0.0031607014,-0.024848085,-0.029318513,-0.019096663,0.072603665,-0.017882755,-0.09353654,-0.020870004,0.07538446,0.040354084,-0.055774473,0.030719155,0.0028984686,-0.019999618,0.0021874784,-0.037466455,0.02279023,0.05685376,-0.054577682,0.025698919,-0.023311524,-0.05024419,-0.010152665,-0.05376339,0.035966747,-0.06138072,-0.022585431,-0.021705206,-0.008688134,0.041438635,-0.029906109,-0.05983535,-0.009865875,0.0020942518,-0.002226179,0.00632125,-0.02436986,0.024734227,0.06760373,0.06223068,-0.03241015,0.09040879,-0.0022091446,-0.040221147,-0.07683813,0.036831375,-0.010280169,0.053085476,-0.02938987,0.03015089,-0.03505857,-0.0827915,-0.010588041,-0.03453584,-0.015024492,-0.05395285,-0.041981652,-0.04928217,0.018498747,0.009605764,-0.009221049,0.0014744396,-0.006743209,0.040735677,0.08161725,0.017757501,-0.03913832
-0.03439131,-0.080841094,0.08200072,-0.0035070495,-0.014105421,-0.0071371607,-0.012264751,-0.03530105,-0.0028135073,0.0017058523,-0.06078079,-0.0009567419,0.013376301,-0.037824046,0.03177482,-0.04822985,-0.068567455,0.07967795,-0.004495985,0.037287924,-0.019387202,-0.093899615,-0.059403107,0.078766204,-0.0017253488,-0.026823785,-0.101667695,-0.042412683,-0.0049807867,0.054564565,0.003403239,0.09501398,0.07843359,-0.012905202,-0.022499017,-0.042486385,0.06506587,-0.09861009,-0.010004821,0.066322275,-0.03468859,-0.0015744295,-0.048889007,0.048284855,-0.036328636,0.017163236,-0.016592517,-0.021944877,0.015243519,0.06790771,-0.050157104,-0.06753257,0.035103135,-0.07542271,-0.054490495,-0.01872517,-0.04419183,-0.013646769,-0.037500724,-0.041558538,0.024092901,-0.016995216,0.062582366,-0.046527978,-0.040529247,0.039174374,-0.06347896,-0.029698089,-0.026806235,-0.013001362,0.030628074,-0.08597152,0.059921823,0.0018842779,-0.039601658,-0.04682235,-0.013489504,-0.036748666,0.018862618,-0.048208088,-0.03919864,-0.004156332,0.043885387,0.050459985,0.0009671538,0.0073245014,0.021819428,0.052593455,-0.093562976,0.048774004,0.081411175,0.0567689,-0.03601388,0.09075368,0.02299466,-0.010686547,-0.015560108,0.00012026746,0.03532193,0.0960778
0.0041383193,-0.0075583956,-0.030565077,-0.005691624,-0.0791988,0.0850117,0.099530675,0.029666083,0.031333804,-0.06329239,-0.060887937,0.021731995,0.01934046,0.08088119,0.05627333,-0.063919306,-0.07980311,-0.0034173278,0.08703544,0.021105783,0.063891634,-0.024892384,-0.025607366,0.06367426,0.059623618,0.031617574,0.050882995,0.043327827,-0.0022876116,0.04534083,-0.055008285,0.09897813,0.038336348,0.031176614,0.033481773,-0.06393256,0.014232592,0.025379473,0.012239399,-0.045388237,0.024275037,-0.015420935,-0.010239225,-0.069057845,0.043474175,0.042568635,-0.054534428,0.030513762,0.0027926583,-0.0110145,0.057055265,0.02043086,-0.043878485,0.03416608,-0.03535433,0.088726,-0.07510138,0.043790918,-0.040665533,-0.013091686,-0.0031939442,-0.061538685,0.012427515,0.015734049,-0.09277646,0.022393905,-0.008794482,0.016814338,-0.07128645,0.0070779347,-0.05306227,-0.00047686265,0.05002141,-0.00019489239,0.07068297,0.00044722916,-0.03829816,-0.09361065,0.039426703,-0.060382366,-0.04386495,-0.04029207,0.003166677,0.06778298,-0.031875037,-0.048449364,-0.03675085,-0.037748717,0.027876861,-0.055164855,-0.017164672,0.03736651,-0.021177163,0.02953857,-0.07082236,0.00014406383,0.0447208,0.06281565,0.08298579,0.012383114
-0.009969684,-0.06560857,0.028326299,0.0031543032,-0.056677204,-0.062369555,0.027769841,-0.03822192,0.04716823,0.04966362,-0.033252638,0.038472537,-0.0064433306,-0.053500548,-0.05493407,-0.081775956,-0.075771004,0.07531928,0.003597983,-0.032878317,-0.041783117,-0.06402858,-0.014796285,-0.013329639,-0.0788021,0.011020576,-0.017184682,-0.051468153,-0.033376962,0.018803533,0.047833234,0.006878706,-0.012624939,0.001068283,0.07932144,0.049784724,-0.0100596985,0.026433947,0.020256598,0.05476227,-0.030627146,0.06901845,-0.066604815,0.019199692,-0.011483958,0.0067450567,0.011010982,-0.010090318,-0.04074621,0.005626526,0.0072448137,-0.05636029,-0.03050613,0.07750481,-0.007981873,0.005006856,0.035603695,0.035978474,-0.008636226,-0.06669803,0.0026448134,0.004431145,0.020123933,0.016677767,-0.0138273565,0.062388893,-0.04513919,0.09681013,-0.015341366,0.06070463,-0.048153233,0.015589909,-0.082144514,0.009063891,-0.053377155,-0.02229449,0.022805724,-0.021578899,-0.06975969,0.06239606,-0.031367067,0.041333277,0.01677584,0.013251519,-0.00027429365,0.023837185,-0.04791685,-0.0037932084,-0.06173932,-0.06308066,-0.007198988,-0.042976115,-0.07846407,0.07889942,-0.043160982,-0.034490604,0.070436016,0.046281997,0.0026438164,-0.043433
0.005328941,-0.0010710597,-0.011307865,0.043062214,0.00993532,-0.07645623,0.058176156,-0.00727638,-0.014194238,-0.05184641,0.047211528,-0.028425789,-0.0022137882,0.012533288,0.040842976,0.062053032,-0.087475754,0.018760853,0.02769128,-0.016256796,0.018545363,0.04938733,0.014908952,0.04299087,0.022031676,0.0072104516,-0.089130186,0.047024284,-0.047741335,0.07778235,-0.0093142325,-0.03398497,-0.042002324,0.033423267,-0.055206098,-0.011746006,-0.025368035,-0.06290662,-0.06474202,0.018535357,-0.03316735,-0.03460103,-0.028153945,-0.01667896,0.069138885,-0.02314171,0.008417282,-0.058878545,-0.021174118,-0.025797369,-0.06506291,-0.0035611815,0.03832429,0.07459978,-0.02610619,-0.031024981,0.007185135,0.054813378,0.03139804,-0.008969954,0.06296579,0.053867552,0.056597073,-0.052545585,0.043612573,-0.051698457,-0.035134763,0.03431478,0.07378861,0.02823515,0.07496274,0.029951226,0.049982175,0.017244866,-0.033999626,0.07225062,0.09060722,-0.01487191,-0.029598387,-0.036713276,-0.01940606,0.027049365,0.0019049492,-0.008847657,0.017213186,0.0038965212,0.04406046,0.07119498,-0.050290734,0.06606088,0.03188763,-0.005839978,0.011828299,-0.05970287,-0.005437556,0.006371206,0.07445035,0.058439557,0.013645958,-0.043018702
0.004585785,-0.0017778418,0.026047997,-0.040436905,0.016153693,-0.036394414,-0.07622189,0.008981761,-0.09255334,0.0190073,-0.03645804,0.041831825,0.0030859087,-0.069755994,0.034334574,0.004329327,0.09425714,0.0065358034,0.044835724,0.0025940596,0.0066601564,-0.010050104,-0.042641304,0.014818488,0.077628165,0.051354975,-0.015111156,-0.056674145,-0.018224508,0.04793792,-0.05306312,-0.042280726,-0.031506713,-0.07714153,-0.007757691,0.04412926,-0.08364227,-0.07228487,0.011426493,0.061572935,0.0238048,-0.016748726,-0.043520633,0.069257006,0.06661624,-0.07331639,0.077806026,0.029390467,0.013828524,0.060565323,0.08522672,0.019525623,-0.028241957,0.03126745,0.067798436,-0.018136924,-0.0062257834,-0.018351763,0.04903864,-0.032244664,0.01471102,0.06532327,0.024981543,-0.0023138272,-0.010401901,-0.03186367,0.027933678,0.025160208,-0.06697034,-0.012006773,0.015859252,-0.10042884,0.015656658,0.031217843,0.04233807,-0.06517406,0.05030844,-0.034285005,-0.026031563,-0.012723361,0.046835568,-0.056902044,-0.017154902,0.027636569,0.022287268,-0.09276094,0.053711943,0.019156711,-0.005293379,-0.05961641,0.0057478435,-0.019236442,0.08245869,0.017774187,-0.04929745,-0.005950874,-0.09927614,-0.0038915328,-0.018915867,-0.007431194
-0.0037403777,0.07137171,0.0019976953,0.01848524,-1.6769853e-05,-0.015425238,0.06991982,0.05584286,-0.009652974,0.019784281,0.037902553,0.08189068,-0.06169957,-0.003917007,0.050683066,-0.0014442134,-0.07157005,0.030963684,0.008448486,-0.048141938,0.027794115,0.031842645,0.010251416,0.01661106,-0.0031126712,-0.027409004,0.09057469,-0.050591916,-0.087215446,-0.009207329,0.068462014,0.05031807,0.041265808,-0.080667056,-0.06306592,0.048380353,0.09196246,0.09468903,0.041186426,0.014141036,0.024330603,0.018084599,0.029018864,-0.033111595,0.07657804,0.0916657,-0.065201156,0.0030009875,-0.06777742,0.066067055,0.07414219,-0.007121708,0.03586201,0.013900304,0.028173685,-0.05766821,-0.0061701224,0.046266004,0.037331384,-0.015012661,-0.007560178,0.049298495,0.019133555,0.05683651,0.0067836414,-0.08042147,0.0011836075,0.06082906,-0.010158701,0.074543126,-0.0029207035,-0.06996453,-0.054841936,0.00403707,-0.039585322,-0.036258284,0.07465564,0.0052176355,0.019613946,-0.050105672,-0.034676567,0.00016783414,0.0274681,0.06562969,-0.030078577,0.03557377,0.033579048,0.046518087,-0.04313871,0.019117536,-0.0026522907,0.0123367775,0.010299758,0.050264843,-0.038360678,-0.09888003,0.03255883,0.075971216,0.0140209,0.06683262
0.07600691,-0.022756612,-0.0070956913,-0.008892406,-0.029008685,-0.043843143,0.02702656,0.04190512,-0.0820987,-0.07162658,0.030954685,0.004197929,-0.055768035,0.06935703,-0.041059375,0.043577243,-0.005833346,-0.027246686,0.049235515,-0.073171146,-0.004761334,0.003636585,0.039170213,-0.09559581,0.021930218,0.028082129,-0.034473896,-0.011670589,-0.028643591,-0.053657766,-0.014980494,-0.05596515,0.015843924,0.04875711,-0.021272188,0.046388593,-0.02531119,-0.0066655227,0.031203255,0.02615684,0.04388841,-0.07637694,-0.0019718444,-0.03311999,0.019383617,-0.01082145,-0.009023099,0.06739604,0.04447346,0.015406809,0.090832636,0.0052700574,0.030413099,0.00041809186,-0.010122571,0.08868509,-0.04774541,-0.037858978,-0.0019705463,0.01527687,0.0436411,0.02130907,0.01045704,0.013126559,-0.01844959,-0.08314569,0.019026149,0.07002063,-0.02628568,-0.04995345,0.022619372,-0.07811186,0.09400929,0.07719969,-0.013044867,0.04025991,0.0675022,0.08211321,-0.02747259,-0.008571953,-0.06640058,-0.066325426,0.057879277,-0.0481128,-0.009660216,0.0019055038,0.07146818,0.00880741,-0.0080072535,0.07190631,-0.021929182,-0.012828994,0.01072331,-0.02695193,-0.048888657,-0.06543409,-0.04116136,-0.0392015,-0.006835318,-0.033633567
-0.031093968,-0.021471474,-0.09672792,0.041406423,0.06341173,0.00057011103,0.0020984467,0.051153995,0.009371269,0.028734852,-0.059806205,0.08073115,0.0025800394,-0.021183705,0.02208503,-0.0110358205,0.021719731,-0.052959807,-0.08590376,0.059647158,-0.062777385,0.0016083563,0.032547757,0.009989313,-0.015033759,0.061854,0.025582038,0.010689682,0.03286898,-0.041912057,-0.001571435,0.009982749,0.013480193,-0.004805428,-0.043435328,-0.016288528,-0.019025715,0.033898696,0.0063226908,0.013650804,0.044530023,0.07532848,0.026148668,0.02148488,-0.03767705,-0.028243672,-0.09057533,-0.02122544,0.0785475,-0.06923926,-0.073401876,0.0114537375,-0.014055691,0.014303337,0.0109981615,0.030965844,-0.01421243,0.0126083195,-0.037950445,0.03194088,-0.025287515,0.09749038,0.048583414,0.017184759,0.06852888,0.009396393,0.042743824,-0.057823744,0.05229362,0.035379816,0.03838534,-0.043301664,-0.022687076,0.0059183645,0.033281937,0.029268986,-0.06999287,0.03645853,-0.09582715,0.050343994,0.02178954,-0.008122229,-0.0552955,-0.016159449,0.0064804098,-0.043770917,0.060671043,0.0012667897,-0.04795163,-0.049948502,0.08064016,0.07012698,-0.06349921,-0.048216984,-0.05827414,-0.0015718526,0.00038199723,-0.030021256,0.009739638,-0.039601114
0.07267715,-0.028844979,0.046156924,0.022516185,-0.074390024,-0.04737545,0.03996566,0.07324513,-0.054121993,0.046405926,-0.06694998,-0.071376875,0.07470283,0.058782768,0.016408637,0.008533216,-0.0067871795,0.010862436,0.024936238,-0.013645168,-0.0026577846,-0.00501474,-0.0539951,0.05426324,0.012887359,-0.066870846,-0.07304301,0.028367935,0.023513151,-0.039555427,0.0019541779,0.03354861,0.057883367,0.021250796,-0.055716503,-0.022423651,-0.029131632,0.010826029,-0.0013154155,0.017025525,-0.0331841,0.06540978,-0.020090653,-0.017870847,0.0621191,0.019620908,-0.0039060265,0.0027278403,0.014431368,-0.055577632,0.030990753,0.053372227,-0.0013911552,0.056809194,-0.06473715,0.07258221,0.064274736,0.066673815,-0.053284295,0.0038293381,-0.031220974,-0.0077851396,0.043000825,-0.05481024,-0.02211722,0.0258722,-0.047486383,-0.015297174,-0.02205378,-0.028954847,-0.023466427,0.09001796,0.014301911,0.05190957,0.004960485,0.0061067813,-0.025519177,0.0075380886,-0.0038100304,-0.012202112,0.035941817,0.08284191,0.053632665,0.012877438,-0.09554189,-0.015680643,0.01911838,0.015062445,0.0350627,0.046001285,-0.011034188,-0.007946163,-0.035368204,0.051107652,-0.010159392,-0.033235077,-0.010278205,-0.079616755,-0.030438017,-0.028742353
0.07616652,-0.021401254,-0.04780758,-0.076209895,-0.031797815,0.03165896,0.033667047,-0.07515022,0.0359423,0.016410945,0.07061895,0.012496532,-0.011101562,-0.0057124845,0.04793898,-0.03766367,0.08780445,0.069026,-0.06274597,0.003319512,-0.025369823,0.02635665,-0.04032647,-0.02914952,0.02197644,0.0025366566,-0.021920752,-0.0182444,0.008802003,-0.022672905,0.029165614,-0.0064369263,0.02191182,0.095979065,-0.063734144,0.028339393,-0.034038983,0.00514714,-0.08238592,-0.037963495,-0.092622854,-0.033234242,-0.001556958,0.0011754127,-0.0055531613,-0.087416776,0.032222,-0.027161276,0.030002778,0.040271834,0.027703099,0.0018799475,-0.0050504287,-0.023725454,-0.04447927,0.021894468,-0.025294278,-0.05741658,-0.05391007,-0.021045575,-0.0021471123,-0.057009418,-0.017371193,0.07742063,0.026445653,-0.009467082,-0.00633338,0.026743969,-0.030845547,0.07061679,0.0004341679,-0.0062581375,0.033870902,0.038048964,0.00896418,0.024021177,-0.018785713,0.011359996,0.020593638,-0.006307683,-0.01732302,-0.03777213,0.05920613,0.059584815,-0.04506197,0.009908894,0.03391202,-0.0266816,-0.02039623,0.08763305,-0.0017775816,0.025636937,0.06288057,-0.03340755,-0.0038281966,0.055117983,-0.056447264,0.03198431,0.03763478,-0.017612131
0.0011505127,-0.07350713,0.009642016,0.004821705,-0.0045355456,0.03536357,0.005196086,0.022058424,-0.045152865,-0.07269661,-0.049955305,-0.06342175,0.09929272,-0.026336107,0.04330798,0.007974814,0.0010932579,0.0670277,-0.03251204,0.0006905946,0.058644783,-0.018484114,0.03601382,0.08190217,-0.07681991,-0.011571254,-0.002289786,0.047657408,0.0052858787,0.042445924,0.06406904,-0.06833308,-0.01083471,-0.022201583,-0.07394899,-0.029224096,0.064884365,-0.038994815,0.015013146,-0.009701235,0.060945015,0.0023481932,0.013736081,-0.056188397,0.021948475,0.0012568826,0.0486895,0.030984119,-0.0330974,-0.032228854,-0.0058186944,0.08177671,-0.017501397,0.041246466,-0.035260364,0.0233193,-0.019325163,0.023668598,-0.06066554,-0.014797691,-0.027860666,-0.031813025,0.024734206,0.0020622576,0.032021657,0.0056390115,0.0108647635,0.0025601543,-0.045473665,-0.047054324,-0.097827,0.035224788,0.02662959,-0.007817788,0.020037226,0.041894674,-0.07372715,-0.03005718,0.08016819,0.08019008,-0.0012933695,-0.039000235,0.033029445,-0.030613452,-0.005249453,0.012825136,-0.031748258,-0.085230865,0.083259314,-0.020697445,0.0060914117,0.06601627,0.042563617,0.014111599,-0.04941049,-0.0063310377,-0.057645664,-0.042057965,-0.00859478,0.027440093
0.050947316,0.016984334,0.023331203,-0.058808714,0.036269784,0.04877121,-0.021786777,0.016201384,-0.0041673128,0.062662356,0.004783949,-0.03401183,-0.06871107,-0.04412976,-0.021562189,-0.029377481,-0.095145814,-0.01912141,0.091328174,-0.07008353,0.016486648,0.023641787,0.00905785,-0.0665778,0.00016620956,0.080313966,0.012107463,0.025630353,-0.040574625,0.01821476,-0.044581436,0.023366721,-0.031218115,0.01825368,-0.08794003,-0.07309232,0.017956944,-0.07176179,-0.066167876,-0.041888528,-0.046036977,-0.030019414,-0.02105503,0.030442102,-0.058344822,-0.084658034,0.03365151,-0.030750154,-0.0152859865,-0.04178606,-0.062851585,0.083601035,0.015326244,0.033850662,-0.027437141,0.07762678,-0.08906029,0.09883798,0.036117643,-0.0825759,0.059504002,-0.002035575,0.09256297,0.00795795,-0.03693185,-0.01594419,0.0075328145,0.04690174,-0.014750803,0.02036193,8.1112523e-07,0.0071158693,-0.03583667,0.031661063,-0.0999564,-0.011674402,-0.0027823693,0.048177898,-0.0781493,0.01020742,0.057709858,-0.08125572,0.05848744,0.047276925,0.0339182,0.08807243,-0.059303626,-0.010050052,0.050999556,0.043426808,0.08416283,-0.0128978295,-0.03939583,-0.0720183,-0.013347354,0.0018089621,-0.03171525,0.012943719,-0.0057053743,-0.047207043
-0.034601167,0.020909784,-0.0808579,-0.055961307,0.017793283,0.037570253,-0.0061788023,-0.018773137,-0.037738413,0.0323741,0.050689273,-0.0679528,0.028816901,-0.008361621,0.084745385,-0.008844047,0.055672884,-0.06994754,0.08927989,0.018267965,0.0127872275,-0.0708017,-0.002305389,-0.063254476,-0.007613944,0.021218266,0.0012652581,0.039070163,0.0061612795,-0.097818665,0.025265,-0.0541359,-0.029079853,0.012555235,0.017515251,-0.006310004,0.05380905,0.034705896,-0.03492458,-0.05092203,-0.06139458,-0.08291551,-0.021859154,-0.06250027,-0.05528166,0.013624385,-0.022523187,0.022055628,-0.06483327,-0.015906006,0.0120284865,-0.007426273,-0.013869439,-0.016181799,-0.022592561,-0.04650121,0.0039503174,0.054888774,-0.057075877,0.06563997,0.0019837976,-0.0353972,0.06507421,0.038163066,-0.012995309,-0.046892498,-0.013553509,0.032955326,-0.053439148,0.001209554,-0.038434252,0.044229884,-0.011799531,0.025329724,0.054546177,-0.022314282,-0.0745855,0.04536938,-0.039257266,0.029696872,-0.01580001,0.047963813,-0.00068736816,0.0013911292,-0.01319712,0.06992864,-0.033076726,-0.06517507,0.06947978,-0.0054666456,0.0148576405,0.059127357,0.034272093,-0.0013066855,-0.06910267,-0.047086235,-0.058408126,-0.03383902,0.04896699,-0.09831496
0.0044120755,-0.010505929,-0.04639049,-0.0117500145,-0.020316238,0.007698929,-0.00513316,0.050460856,-0.0042816373,-0.0045166845,0.023037698,-0.021631809,-0.022254499,0.015819062,-0.058163192,-0.073543705,-0.074737884,-0.009426824,0.011996019,0.043304842,-0.019185519,-0.036456298,-0.04515368,0.01514857,0.05803312,0.04191783,0.08998577,-0.051002465,-0.031355437,0.031196812,-0.020027604,0.029372975,0.00068608334,0.00013964513,-0.04752018,-0.018587923,0.0270308,0.005410615,0.021623185,-0.030825878,0.019164747,0.015094494,-0.07323871,0.003495026,-0.057751756,-0.020398766,-0.014817189,-0.00020079949,0.0488526,0.029552104,-0.09061484,0.0074419905,-0.08371215,-0.015676856,-0.058059867,0.021150663,-0.0035702656,-0.0184534,0.022214808,-0.07306953,-0.008809662,-0.08586784,0.030969212,-0.09025774,0.0128904935,0.032998927,-0.008585148,0.016883086,0.03548419,0.045575034,-0.08760109,0.03174417,-0.02010175,0.0049080765,0.005833245,0.03251001,0.030382479,-0.0007623994,-0.047952376,-0.012835285,-0.035893902,0.029498853,0.013594373,-0.049390998,-0.017085958,0.070044205,0.005206457,0.08332824,0.033770703,0.0014796769,0.026745582,0.036878686,0.010335691,0.009059551,-0.024734525,-0.008607968,-0.070718795,0.062103413,0.009692647,0.07874819
-0.07409532,0.06738712,-0.043443996,-0.05881467,-0.081018925,-0.029484862,0.0023103328,0.09715517,-0.012223202,-0.058997087,-0.07691922,0.0643473,0.016282981,0.053999163,0.04150841,0.030064723,0.011974642,0.07758487,0.03276252,0.08621415,0.0029577445,0.0021146813,0.04713402,0.0110159265,-0.030230926,-0.011269596,-0.08285007,0.000114429466,-0.06532102,0.041419562,-0.019419683,0.016485035,-0.06794089,-0.030929012,-0.0012370446,-0.0065628192,-0.042686604,-0.01597104,-0.0013230214,-0.011031883,0.06106502,0.053703167,0.0489486,0.0122751035,-0.06970526,-0.022400102,0.08062973,0.038655832,-0.03227497,0.016391708,0.014374851,-0.08894026,-0.03312083,0.022788025,-0.052096445,-0.03117807,0.0009061536,-0.01250113,0.025886582,-0.055445734,-0.033217017,-0.00028703906,0.032471698,0.024580255,0.09725243,0.07885169,-0.02775858,-0.015467199,0.0016836647,-0.02223208,-0.039704,-0.026331315,-0.027763952,0.035097513,0.003649693,0.030377869,0.015091514,-0.0367872,-0.0008917202,0.016559726,0.019353746,0.060698602,0.0030293,-0.03968795,-0.037563946,-0.05099278,-0.061318144,0.05723485,-0.021631923,-0.009569395,0.052750457,-0.04994712,-0.038240694,0.007947448,-0.012766195,0.056921,-0.009660725,0.09906606,0.036436334,0.0875374
-0.007879329,-0.026720459,0.036822584,-0.024520326,-0.07057676,-0.03216186,-0.017960938,-0.046416428,0.018527217,0.005659118,-0.06938243,0.09503024,0.02233559,0.03983838,-0.020256205,-0.017881716,-0.017741134,0.0025176865,0.020672753,0.0051145065,-0.014006051,0.09750122,-0.018427234,-0.07686911,-0.014725357,-0.095098235,-0.007773174,-0.0124476245,-0.024557585,-0.06630382,0.060271427,0.038216,0.0026951246,0.050484605,-0.01507544,0.004049429,-0.00943154,-0.031110365,0.089794226,-0.064969555,-0.050303623,0.07719411,0.018236166,0.032546733,0.05828945,0.061009265,-0.0005271451,-0.07987509,0.026940607,-0.043185826,0.011917056,0.082844645,-0.09505348,-0.009091324,-0.013225499,0.07802177,-0.019667542,0.006915257,-0.09804568,0.040141556,0.013524775,0.06613439,0.008701767,0.030355727,0.060330022,-0.02786824,0.071581796,-0.092640646,-0.034481972,0.007461298,-0.0002752884,0.06963394,0.018435381,0.044898584,0.014835889,0.04958447,-0.061516415,-0.04725815,-0.04164037,0.03396524,-0.011361901,0.0039392724,0.022206347,0.031889774,0.06535283,0.012600733,-0.01796564,-0.005735481,0.06456033,0.0029553883,-0.037160225,0.072349325,0.04645657,-0.04822802,-0.07549039,-0.0023303784,-0.038394324,0.079038404,-0.0368514,0.0196109
-0.090445824,-0.058150187,-0.05966216,0.0067330706,0.05232716,-0.01635192,-0.032141887,0.05846908,-0.0415515,0.040970787,0.0015131544,-0.01808201,0.038385257,-0.053623836,0.03655339,-0.089491926,-0.027796853,0.05755235,0.07753742,0.09597904,0.019318674,0.019436125,0.022461252,-0.04745505,0.034688126,0.050161313,-0.013342033,-0.0020626804,0.0010714955,-0.094477,0.0054199304,-0.043802932,-0.028286805,0.052530218,0.018474676,-0.0992462,0.027316906,-0.028119918,-0.02806004,0.0068981773,0.018667446,-0.039605837,-0.02576871,0.02321967,-0.04981584,-0.07954245,0.0070583704,-0.078953154,-0.03220271,0.09848663,0.0712024,0.073190786,-0.022365466,-0.06714314,0.031986378,0.02207418,-0.042450953,-0.0050817975,0.072282024,0.06441258,0.035163287,0.072966054,0.037034854,0.03671755,0.010233929,-0.00023168266,-0.011605713,0.035596203,0.026922608,0.030927086,0.008037735,-0.031749457,-0.0027697457,0.04047446,-0.015499423,-0.08100054,0.051424935,-0.037781347,0.0048261425,-0.020436367,0.0064591127,-0.022354338,0.0067349365,-0.09698344,-0.0011813694,0.07775641,0.033725046,0.019921165,0.027563343,0.040578056,-0.07378338,-0.033454377,-0.09266615,-0.044540063,0.038899887,0.028406397,-0.003195092,0.019124042,-0.018452194,0.09319221
0.036696803,0.06846801,0.01602242,0.050346117,-0.023188008,-0.013622019,-0.02468418,-0.023246387,-0.055838063,-0.010892927,-0.010410858,-0.08166681,-0.05192142,-0.024041582,0.024548652,-0.018412719,-0.07685807,-0.03483649,-0.05899661,0.08503938,-0.012378524,-0.008258693,0.0063864808,-0.07500367,-0.006500603,0.010359148,-0.09603373,-0.06273155,0.07572977,8.1262064e-05,0.023307897,-0.02255493,0.015109829,-0.05103354,-0.012761098,-0.016564077,0.055640563,0.0115007125,-0.013623284,0.031144738,0.027221281,0.032247823,0.024151847,0.06780874,-0.009278471,-0.012745365,0.03839684,-0.0330779,0.039500207,0.04295045,0.08320142,-0.060792286,-0.0022169058,0.0038954476,-0.02516819,0.057983797,0.025587307,0.02361745,0.050296556,0.034345124,0.01378776,-0.09075788,-0.033988204,-0.0010315,0.0064506317,-0.0650691,-0.034645315,0.052576955,0.04682669,0.022123408,-0.04873828,0.017167578,0.025291322,-0.024125526,0.04160216,-0.0070754285,0.045636546,0.033111703,0.03129815,0.077400565,-0.023454681,-0.08118136,0.07650305,-0.069657706,-0.044491764,-0.0792676,-0.058340244,-0.09843372,0.0020380474,-0.005655507,-0.042451832,-0.004560809,0.04741503,-0.012280938,-0.005014323,0.011040714,-0.039961297,0.020507693,-0.09429475,0.091666244
0.05172313,0.042628143,0.029536149,-0.016709354,0.033114083,-0.037035365,0.033286043,0.095704675,0.04043781,-0.03129758,-0.019954365,-0.07748131,0.024172174,0.048400756,-0.040694356,-0.010989183,0.00039596378,0.055733286,0.020947065,0.006381646,0.03429033,0.0043032826,-0.015348876,-0.025241232,0.08034702,0.05995966,-0.047515683,0.027850129,-0.052295588,0.0023394795,-0.03804601,-0.09893658,-0.0095560225,-0.025712727,-0.004075206,0.02413381,0.0398725,0.011755967,0.025830144,-0.026975544,0.002931259,-0.07540297,-0.015024558,0.013036214,0.07911711,-0.002333639,0.04748783,-0.033711288,-0.014766594,0.032685798,-0.009469066,0.032458957,-0.009985701,-0.011656668,0.0185642,-0.036435034,-0.047115374,-0.009584723,-0.013452451,0.036702022,-0.056774467,-0.06944597,0.014443662,-0.00985055,0.010028551,-0.05416704,0.03904382,0.040338382,-0.02312302,0.07850099,-0.085964285,0.029820718,-0.027428659,0.081100725,-0.01033237,0.0074943467,0.02752104,-0.03439344,0.024969406,0.059693415,-0.039236456,-0.062225856,0.04046949,0.030292502,-0.01033367,0.04987464,0.007717295,0.038516413,0.06554289,-0.06806021,-0.008282263,-0.00428044,-0.072351865,-0.0022340592,-0.008074294,-0.059630472,0.030000608,0.029502643,-0.023595817,0.003991918
0.013944224,0.04535368,0.019927513,-0.07210818,-0.01991352,-0.038138635,0.067798875,-0.036895312,-0.02633062,-0.037356317,0.028073465,-0.08164548,0.03982087,0.051351763,0.01606082,-0.057921916,0.06905711,-0.015439553,-0.069202855,0.020475347,-0.08785287,-0.013994174,0.04208292,0.025672823,0.007857239,-0.034885183,0.062408697,-0.020229988,0.04558846,-0.023311982,0.04679164,0.0005396976,0.027120324,0.020556537,-0.034862563,-0.07491255,-0.075194664,0.027710814,0.00460983,-0.054118816,0.05003139,0.04245799,0.028408576,-0.05300921,-0.040690787,0.019934857,0.048433032,-0.074485354,0.04685627,-0.019993436,0.02780699,0.07545328,0.052048832,-0.010362505,0.005061662,0.043690242,0.028925113,-0.0010488264,-0.0037213378,0.052029543,-0.019056352,0.0015932147,0.0031357259,0.013927999,0.0050170273,0.012367754,-0.029628122,-0.0060057933,-0.010978999,-0.020654969,-0.096066,0.0694316,0.060427338,-0.015458432,0.015775293,-0.020010216,-0.015457293,0.043805245,0.034802254,-0.037006374,-0.07065028,0.015151477,-0.034347277,0.012334118,-0.012731062,0.023813631,-0.03429914,0.046949085,-0.052083317,-0.0007179791,0.029751666,-0.008445666,0.0315219,0.086604565,-0.027479881,-0.062932126,-0.048190497,-0.058996454,-0.06331852,0.02991695
0.02902971,-0.02973022,0.0012478968,0.0052456777,0.0013311728,-0.03590929,-0.012420695,0.046346504,0.050402164,-0.015043784,0.058155004,0.010309715,0.032778356,0.058556743,-0.06996802,-0.00032961005,-0.08156998,0.0513649,0.051907174,-0.02281994,0.07505455,0.08400535,0.07247948,-0.034831736,0.09181499,0.04724332,0.04887623,0.0041542826,0.012235496,0.023695894,0.043748543,0.0072045824,0.022975422,0.052323688,-0.0068384083,0.0003501317,0.053000767,0.00613132,-0.041672777,-0.031734806,0.08065097,0.061581578,-0.045936033,-0.035636615,0.0147011755,0.006346874,-0.06475171,-0.041619387,0.04597035,0.06390026,-0.005872719,0.039649516,-0.00014945673,0.020609315,0.024923667,0.04392305,0.04510499,0.084619306,-0.008241675,0.022070581,-0.005596016,-0.026904808,-0.057660956,-0.06378922,-0.0725532,0.045497075,-0.07280757,-0.027527114,-0.0055841,-0.033281136,0.01503172,-0.033483528,-0.048491012,0.046893597,-0.03551359,0.035218112,0.030090494,-0.06523602,0.019689731,0.0014872756,-0.009813791,0.01443305,0.045563333,0.07359412,-0.03444846,0.062231988,-0.046065167,0.030225711,-0.009576747,0.049231946,-0.05833541,-0.021755558,-0.00050986063,-0.0066315364,-0.014327632,-0.014578784,0.02545754,-0.051661633,-0.002467987,0.020520754
-0.057759207,-0.0790603,0.00990474,0.013707315,-0.017077727,0.00784186,0.024978306,-0.023193203,0.0019400764,-0.03212286,0.096244805,-0.051679634,-0.031320147,-0.0004963901,-0.059571773,-0.040043037,0.04570334,-0.08272523,-0.022294467,0.0042195786,0.082709014,0.0577315,0.032122537,0.038297467,0.048726108,-0.021544266,-0.041810524,0.004868914,-0.054598212,0.040973667,-0.0041148667,0.0011348564,0.082697555,0.048751406,-0.055648237,0.031669404,0.054679975,0.045494292,0.0025011187,0.019875892,-0.08165469,-0.04215059,-0.0025222534,0.05092809,0.02130925,-0.08588889,0.059881676,-0.07012872,0.014395857,-0.028684685,-0.031111162,-0.0006309468,0.06567091,0.041786537,-0.07043653,-0.094135776,-0.02903307,-0.089854695,-0.025021585,-0.03667984,0.01242043,-0.0067882948,-0.049888752,-0.027864713,0.0039580367,-0.022563567,-0.0010817358,-0.01389855,0.05907428,0.027376639,-0.04718668,-0.0904828,-0.05007971,-0.06292304,0.017628111,0.010341208,0.028768212,-0.033656877,-0.04284249,0.026565645,0.054920238,0.015637692,-0.055240825,0.036500692,-0.036218323,-0.0050440314,-0.09084805,0.0525167,-0.032152638,-0.048741017,-0.006501337,-0.05806451,0.062949754,0.037232503,0.027611092,0.03285902,4.4848864e-05,-0.05026776,-0.021891112,-0.022936994
0.009810341,0.050083406,0.0151392715,0.0057080206,-0.047867794,0.011483598,-0.011261644,-0.0665392,0.0017508445,-0.017631998,0.026299294,0.058373768,-0.084158994,0.04126493,-0.011493196,-0.08754708,0.054597788,-0.058870565,0.020180576,-0.06490556,-0.02145425,-0.024104701,0.050296467,0.03399021,-0.0006230519,0.007041939,-0.07260556,-0.025450299,-0.048566915,0.027770743,-0.0029377043,-0.039129823,0.045470517,0.006647527,-0.03476873,-0.04862756,0.07988311,-0.09290893,0.036601562,0.020218149,0.029637458,0.058563802,-0.03175179,0.018832931,0.006019713,0.005954907,-0.055819906,0.02069856,0.09421718,-0.052483402,0.001410278,-0.021248618,0.07583541,-0.028038507,-0.03641663,0.07009554,-0.015409507,0.00056390546,-0.005017227,-0.0597024,-0.0032153619,-0.042253036,-0.06565162,0.044875953,-0.08291256,0.0061378926,-0.002983769,-0.01036144,0.0033736322,0.018316895,0.062721565,-0.007796081,-0.07561194,-0.030765763,0.061521035,0.08921234,-0.056436077,-0.08889515,-0.013882221,-0.058175456,-0.026491236,-0.00712578,0.0006464085,-0.043201808,0.013065289,0.034159217,0.028372725,-0.02003111,0.03739373,-0.010150424,0.028283976,0.07532883,-0.06747179,-0.037008427,-0.0062418464,-0.026249079,-0.0017294559,0.0005948615,-0.014458088,0.03719461
0.017896554,0.025206815,0.020062586,-0.042364147,0.050216354,-0.07549373,0.06344384,-0.058635894,0.058271628,-0.004660752,-0.03380522,0.019863315,0.022985622,0.09818633,-0.018810552,-0.00862706,0.043341972,0.066827714,-0.01688404,0.02250047,-0.06816922,0.082261086,0.05595016,0.0003552681,-0.004717552,0.034224227,0.060406253,-0.019316355,0.08230834,-0.006028249,0.013888225,-0.0995878,0.005861014,0.01902739,-0.014225197,-0.002703166,-0.06940632,0.0014166259,0.0048704124,0.011318398,0.0782938,-0.023158621,0.055930484,-0.04081429,-0.023112241,0.03200062,0.003212236,0.07425341,-0.06762927,-0.0044414587,-0.03749403,0.054243017,0.013815056,0.008469269,0.0060600406,-0.06330101,-0.021351835,0.035944622,0.01958998,0.021633785,-0.03623522,0.017460711,-0.0504036,0.0040434566,0.024230769,-0.036570787,-0.008959103,-0.0021390475,-0.043465342,-0.0045549534,-0.05661443,-0.05532651,0.014321228,-0.025920248,0.017992593,-0.070432685,0.059631307,-0.072926894,-0.06687011,-0.05812174,-0.063075446,0.0011603271,-0.013005016,-0.043578435,-0.054254442,0.023784531,0.056180086,-0.01949399,0.016062312,0.04767728,-0.043419972,0.019719295,-0.002977165,-0.034222834,0.007731668,-0.017021831,0.0011289981,0.006306491,0.0008520088,-0.037699584
0.020298822,0.022149049,-0.00094688416,0.008009306,0.023549607,0.048588187,0.0789046,-0.022067007,0.01365798,-0.05641698,0.07688551,-0.07032823,0.00969406,0.01608127,0.0023759236,0.01610689,0.029251404,0.05294093,0.019839108,0.051088158,0.010602154,0.047321916,-0.010412873,0.003926815,-0.019470882,-0.051135145,0.08406927,0.050310254,0.03256162,-0.0048848586,-0.03547666,-0.020940453,-0.046034623,0.05025672,-0.032829713,0.038704917,0.00867014,0.0027374164,-0.010933382,0.0990302,-0.03672484,0.032299105,0.028591007,0.021738032,-0.03020337,-0.011350549,0.041353453,0.07261777,-0.019962564,-0.06943693,-0.09914945,-0.046497595,-0.021056386,-0.042863604,0.024846109,0.02158208,0.012412666,0.008508625,-0.032016233,0.0047009843,0.0055570947,-0.01962504,-0.033228688,-0.022875244,0.012565951,-0.052353084,-0.008425653,0.018371014,0.049045186,0.06902875,-0.059630282,0.022651741,-0.0025463898,-0.04111281,0.072693475,-0.032623332,-0.026929438,4.517179e-05,0.09904717,-0.061385464,0.004199051,0.03415404,-0.016020238,-0.05036401,0.09177588,-0.09914125,0.039195765,0.059512272,-0.007793861,-0.0057462654,-0.047425322,0.03944796,-0.008888483,0.07446042,-0.0012584642,0.00314033,0.0016909424,-0.00890333,0.0055643655,-0.0035490866
-0.0011214444,-0.02483535,-0.024703348,0.036778957,-0.021051176,-0.008442708,0.026552984,-0.054910373,0.002474918,0.053620685,0.006418464,0.044442922,-0.02038968,0.022023343,0.040040165,0.022111708,-0.024369238,0.051350635,0.07438987,-0.0072430233,0.033075523,0.016929692,0.059121575,0.060952045,0.0033193147,-0.0152128665,0.005782718,0.03676723,-0.062322646,0.034498263,0.039637443,0.030611187,0.029451579,0.027617063,-0.00951025,0.019471562,-0.010838924,-0.094550535,-0.007997893,0.048978273,-0.011696884,-0.05533295,0.025221465,0.013202156,0.017568504,-0.05118774,0.046069905,-0.07341717,-0.07720884,0.023417536,0.02008706,-0.005550924,-0.03985421,0.029542807,-0.04827252,-0.036852878,-0.07503715,0.08762204,-0.00482817,0.032720115,-0.025754983,-0.008435368,0.026742378,0.003933842,-0.040650606,0.014339191,0.0752043,-0.02436894,0.028502801,-0.052308045,-0.05968509,0.01976825,-0.07815372,0.069048025,0.028659277,0.010455618,-0.030459156,0.08086719,-0.057346668,0.039618228,-0.012873236,0.06310966,0.035358597,-0.032615297,0.08223038,0.05778784,0.046138935,-0.042010263,0.030430181,-0.0065830224,0.061793424,-0.024574628,0.04041641,0.018240564,0.06037403,0.0330725,0.05161851,-0.02272766,-0.03637427,0.022279028
-0.0027742116,0.023485694,0.002344647,-0.06613149,0.08002507,-0.046978824,0.023579452,-0.028932778,0.048097275,-0.009508653,-0.030311007,-0.022201652,0.006653898,0.04145378,0.011106683,-0.03727922,-0.09284163,0.009449447,0.006988428,-0.07876105,0.0069843056,-0.014941298,0.0715921,0.030018652,-0.0025506264,0.019989802,0.018268278,0.0025234574,0.039433595,-0.008042958,-0.0060527185,-0.0038073282,0.09551781,-0.076593876,0.05224381,0.043843564,0.08436835,-0.08253953,0.0010677017,0.025706083,0.021191554,-0.010302891,0.025209371,-0.03798004,0.0027586068,0.007890145,-0.074659556,-0.029204827,-0.031087793,-0.036361497,0.03341719,-0.029953657,0.024856422,-0.059256822,0.076207176,0.075394854,-0.0026292198,0.0042091873,0.06497535,-0.029128635,0.0062376168,-0.03544975,-0.007044852,0.0028721623,0.018319996,-0.032118052,0.04982124,-0.052693777,0.013560702,0.023628311,-0.015503731,-0.078898,0.02446406,0.041320782,-0.014178387,0.02700806,0.005593877,-0.009989524,-0.07791729,-0.0230592,0.017441668,0.07829587,0.0009923504,-0.01595266,0.0331113,0.012782267,0.00450227,0.060483847,-0.047191076,0.023410648,0.010184529,-0.088222824,-0.030239543,-0.02986565,0.0073962663,-0.033400055,-0.019157164,0.04151624,-0.018600157,-0.045232404
0.059006527,0.01432892,0.087382965,0.052300274,-0.06991893,-0.0243504,-0.094222255,0.0003936951,0.053262245,-0.07336006,-0.05831066,-0.038707476,0.019894376,-0.02636754,-0.032318383,-0.06861674,0.08802157,-0.07644887,0.06031602,-0.014379078,0.0468085,-0.06668244,-0.01662574,-0.06654132,0.0034262391,-0.014801308,-0.07954137,0.057152078,-0.017789403,0.023635413,-0.045812245,0.057760723,0.044772428,-0.014139561,0.035959985,0.0006864656,-0.021331381,0.051286817,0.0060370057,0.06975216,-0.01460368,-0.025086075,-0.07261291,-0.09595941,-0.027471745,0.008694033,-0.023129042,-0.023029234,-0.015739424,-0.043654803,-0.03292038,0.014580933,0.0055064936,0.04884735,0.008381273,-0.044456895,-0.00038061294,0.07277028,-0.019616017,-0.016610773,-0.056114703,0.062271647,-0.009281908,-0.055484805,0.040313676,-0.0042146794,0.0015788975,-0.0049571274,-0.08175932,0.08293833,0.020027133,0.014268127,0.030176694,0.007785518,0.08286346,0.05843979,0.05178208,0.08225675,0.014402466,-0.014322175,-0.037000395,-0.04454893,-0.051717937,-0.049279477,0.03627397,-0.049743917,0.019865446,0.019240571,-0.06543668,-0.06806205,-0.0021931233,-0.0033679307,-0.051226173,-0.07551216,-0.016597547,0.028514756,0.0114897555,0.008918938,0.008669795,0.07680872
-0.06861292,0.023226753,0.0028037224,-0.0716626,-0.008353192,0.02842844,-0.045861624,-0.018808972,0.011431544,0.018306343,0.020817729,-0.059281476,0.004922938,-0.05232113,-0.07645175,-0.0027341668,-0.070444874,-0.06451472,0.030781135,-0.022006042,0.0017977994,0.06261132,0.051854167,0.08347702,-0.0063343667,-0.0069515887,-0.01683987,0.072633706,0.085288525,-0.0939586,0.056612637,0.0057228794,-0.055606086,0.07011894,0.05905068,0.054907195,0.07253166,-0.024148839,-0.0023885793,0.00692535,0.028712297,0.004121471,0.025589405,0.07027464,0.044734705,-0.021419723,-0.0034941537,0.022078393,0.014104969,0.010050062,0.08314848,-0.041740146,0.011157278,-0.025584573,-0.00064495445,0.023606064,-0.018113332,0.03657955,-0.021191407,0.07271518,0.04131401,-0.013965578,-0.032982834,-0.07711886,-0.011491074,-0.022321992,0.034466036,-0.062136877,0.026073152,-0.010321904,-0.0074328985,0.0022632733,0.07622776,-0.0011615611,0.014568097,-0.016079992,-0.037359282,0.028454019,0.0050428645,0.042881146,0.06426016,-0.04623009,-0.09713059,0.037716188,0.034239944,0.016009752,-0.005653552,0.0072246287,0.08279857,-0.02430102,0.017032126,-0.008067671,0.07649556,-0.031670067,0.039033636,-0.030792667,0.045908656,-0.06424639,0.05600961,-0.048658025
-0.011688198,-0.07340068,0.017927285,-0.038636975,0.036013708,-0.0015532934,-0.034880497,0.032015357,-0.024418896,-0.017436765,-0.00072205276,-0.040521123,0.0570268,-0.03841079,0.07879107,0.050953027,-0.09436654,0.053839136,-0.0046428237,-0.049345907,-0.045838606,0.015205546,0.04445849,0.007039184,0.023095293,-0.0042465255,0.054278888,0.015227647,-0.0380992,0.019126674,-0.09345733,0.06453237,-0.028255548,-0.039469857,-0.0068398574,0.08873353,0.093986094,0.030576225,-0.048710555,0.023072286,0.051794887,-0.028843112,0.030288864,0.08023905,-0.022837983,-0.018826617,-0.0073079024,0.0028184382,0.0010542047,0.013318066,-0.015531999,0.020528505,0.022463145,-0.0059642266,0.040041618,-0.087503366,-0.034206867,0.005096765,0.056337774,0.021071268,0.094370574,-0.035187554,0.04602565,-0.08718213,-0.002486167,-0.07928568,-0.054602522,0.052827448,0.04859323,-0.05638842,0.014218671,0.018905008,1.7366623e-05,0.090238504,0.08824177,-0.02516302,-0.005375516,-0.007573203,-0.053126864,0.05983877,0.016547143,0.049087487,0.020077715,0.053427603,0.03541549,0.051583104,-0.009083423,0.027716937,0.024240624,-0.03757579,-0.09715443,-0.03614827,-0.06423164,-0.07373221,-0.028226746,-0.05922367,0.026383583,-0.03728572,0.06082899,-0.051661696
-0.09341655,0.008773689,0.010538926,-0.0027026557,-0.07761572,0.02303331,-0.039919004,-0.07646174,0.02266665,-0.033322316,0.052906334,-0.04274946,-0.088067666,-0.03102274,0.038574006,-0.07954211,-0.010879853,-0.049768757,0.011227654,0.014375083,0.01471101,0.018664682,0.037050746,0.08103113,-0.021107223,0.024594959,-0.063403256,-0.040925425,-0.012626072,-0.034005087,-0.0068613733,0.039728343,-0.07701437,0.0042770403,0.068496175,0.014347994,-0.032573786,0.07702353,-0.023543373,0.058591776,-0.007779043,-0.04083684,-0.05602173,0.010683776,0.085191704,0.0664792,0.012932036,0.06463932,0.09509329,-0.09457315,-0.042577296,0.083851285,0.062603824,0.05013746,-0.011774664,-0.038831856,-0.07230985,0.068869725,0.0029496711,-0.044132695,-0.09300975,-0.018573549,-0.034292363,0.01026608,0.02839858,-0.011272632,-0.028958414,-0.025548488,-0.044045575,0.0032339282,0.03187601,-0.011163301,0.021528965,0.019590909,0.06480907,-0.09218539,0.021220934,-0.04793867,0.08415913,0.07887835,-0.054174177,0.033866327,-0.013498326,0.05701624,0.04987763,-0.025184328,-0.01813383,-0.01836298,0.0028942807,-0.069842145,0.029063454,-0.030418068,-0.034656975,0.030924685,0.039435335,0.022006864,0.021795575,0.031508837,0.016985714,0.041135665
0.09580952,-0.007314558,0.06549745,0.0078257965,0.01562716,-0.0050957906,0.0018676483,0.006556432,-0.06582972,0.030495318,-0.021154061,-0.03716066,-0.07024103,0.034836225,0.00277856,-0.083607785,0.0013711165,0.04978884,-0.040556423,0.029697401,-0.08753492,-0.06187701,0.0046495893,0.018447155,0.033789687,0.04182339,0.023046914,0.034671746,-0.021049816,-0.0053296234,0.029027585,-0.00518179,-0.031441983,-0.013445967,-0.045621935,-0.036849704,-0.005073171,-0.037028987,-0.0063861953,-0.020415893,0.014263683,0.017585756,-0.0779251,-0.022338623,0.023921922,0.050672237,0.030180277,0.07748823,-0.046805274,0.008687163,0.07421309,0.0667282,-0.011853714,0.0036786871,0.045305233,-0.05677938,0.06586077,0.027550027,-0.090217866,-0.038352247,-0.057824403,-0.015765985,-0.053024124,0.033052113,-0.03573673,-0.047113586,0.04986511,0.053596552,-0.016909357,-0.03752722,0.06243834,0.05030309,0.06967636,0.00018107574,0.08999293,-0.0012100069,0.052573334,-0.065765016,-0.03771035,0.07212481,-0.01742267,0.036693253,-0.053403445,-0.038621962,0.09023323,-0.0074429344,-0.017038282,-0.007904048,-0.0068779173,-0.079381466,0.026192794,0.00625289,-0.005090075,0.01235255,-0.021388011,-0.042954933,-0.0393834,-0.027707469,0.0022935127,-0.04464017
-0.0150499325,-0.007914364,-0.031043394,-0.06569697,-0.055952925,-0.022758946,0.0039494517,0.010948032,0.03802776,0.050711017,0.022093311,-0.006783754,-0.053438965,-0.007240955,-0.01671969,-0.028981332,-0.038844146,-0.099407345,0.02484266,-0.028492529,-0.099496305,0.031110656,-0.015119552,0.022604916,0.042299975,0.053965203,0.062000126,0.040367212,0.0050754366,-0.08499704,0.055510793,0.04833168,0.028657282,0.008148336,-0.026499962,-0.047514327,0.037366074,-0.008236707,-0.08665022,0.012528483,-0.07033675,0.083322324,-0.03530954,0.015398106,0.017885523,0.04512838,-0.005156661,-0.040901765,-0.031557903,0.025045602,0.0224007,0.03299087,-0.008758594,-0.0016023936,-0.057699077,0.068203405,-0.045085017,-0.029142214,-0.01763192,0.008632838,-0.04338322,-0.035389073,0.07213488,-0.020597119,0.060609203,-0.01615437,0.051031813,0.025840327,-0.032311648,-0.04575945,-0.07142104,-0.022563094,-0.050510336,0.06549327,-0.04149522,0.04497455,0.025658725,-0.023633586,-0.012063084,-0.0065605193,-0.051832963,-0.028816674,0.05701829,-0.0053503043,-0.018979352,-0.032028064,-0.02299297,-0.023957688,-0.059788298,-0.0023522887,0.010083672,-0.049005978,0.06006538,-0.039191294,-0.020567458,0.0044929343,0.033068474,-0.007768737,0.061255272,-0.01299859
0.018827705,0.05032948,0.09421324,-0.04576869,0.0055806967,-0.013160745,-0.036452983,-0.00426562,-0.00070378394,-0.035916936,-0.027128927,0.07255491,0.019487048,-0.0012071143,-0.094823964,-0.043450933,0.037500255,-0.009864493,0.032765478,-0.017068408,0.08849411,0.07117041,-0.043283127,-0.01980682,-0.05085953,-0.053663757,-0.05193512,-0.03388075,-0.02146043,0.05985233,0.060131054,0.026148695,-0.08864091,-0.051306326,0.023596102,-0.030573212,0.019202825,-0.043443836,0.04569569,-0.01453885,-0.03126227,0.041961294,-0.03993452,-0.04086077,-0.0016021032,0.009730271,0.014938192,-0.052384596,0.09719193,-0.029982276,0.07010599,0.046829794,0.012928012,-0.032408345,0.0016475545,-0.013970128,-0.075521976,-0.029500684,-0.014342793,-0.053462245,-0.008664,-0.018407367,0.06732302,0.039877653,-0.022502234,-0.049058747,0.039011423,0.01941661,0.09382962,0.060399543,0.045605842,0.028064346,0.0012405533,-0.03926815,-0.0050968314,0.031640545,-0.024316609,0.05966266,0.0056572915,0.013256306,-0.0006782819,0.08643181,0.08062121,-0.07752955,0.005949743,0.071965165,0.05539179,-0.03038462,-0.013138214,-0.011206746,-0.0114788,0.0056131044,0.040079825,0.036329746,0.053800385,-0.060472358,-0.06669483,-0.01865548,0.035429645,-0.042557314
0.021854425,-0.016852684,0.011773221,-0.050240207,-0.03618282,-0.027187625,-0.027872376,-0.03691391,0.025619175,-0.0026376469,-0.007970239,0.06903911,0.014044313,0.021346975,-0.018276246,-0.022948919,-0.03878143,-0.033097353,-0.061208308,-0.01530839,0.03466905,0.0096662855,0.022605512,0.021383388,0.045844596,-0.031906854,-0.036196586,0.044916783,0.06707764,0.014289019,-0.010424508,-0.010698549,0.01559795,-0.059896547,0.010799593,0.09454941,-0.040560458,0.06434732,0.033283852,0.053632926,-0.009186337,-0.008318085,0.02354494,0.0643867,0.02739347,0.09208833,0.002059598,0.043071494,-0.06136536,0.009323883,0.0060814316,0.00040414152,-0.0017897389,-0.03191943,0.0052723973,-0.055577368,0.0055529946,-0.016485034,-0.025720142,-0.0470615,0.08784937,0.050407648,-0.001128501,-0.05628044,-0.05477947,-0.02714835,0.039831985,0.059215024,-0.058742218,0.035662096,-0.03888097,0.020684281,-0.07063983,-0.055876594,-0.054744832,-0.028668983,0.017378837,-0.093117535,0.06170558,-0.05558493,0.0021420845,-0.008643768,-0.03955159,0.045763005,0.025179457,0.008243417,-0.025443241,0.08987589,0.031128295,0.028816905,0.0810573,0.01985567,0.006717312,0.026009472,0.038075328,-0.00822088,-0.012530798,-0.010217588,-0.00047466205,0.0026749778
0.054802645,0.00016776114,0.027038954,0.015188858,0.06265549,0.047417235,0.09426374,0.04393032,-0.028410235,-0.06367206,-0.011779515,0.0020345543,-0.08388801,-0.07336674,0.0018735334,0.023203716,-0.062432,0.0020148503,0.06664026,-0.022657398,0.06508181,-0.007734159,0.02276171,0.04886209,-0.0030988918,0.05190126,-0.017973011,-9.636448e-05,-0.059468817,0.030738575,-0.06269269,-0.095967315,0.02673678,0.06187543,0.034764033,0.027675167,-0.059265308,-0.061107095,-0.047132134,-0.019856757,0.0056265094,-0.05747822,0.027914196,-0.063246064,-0.025913935,-0.008537646,-0.032869857,-0.015081466,0.0026578228,-0.0036157295,-0.020857897,0.02349422,0.008244667,0.020224076,0.011190348,-0.010856792,-0.019274306,-0.056994844,-0.09784074,0.05331909,-0.0038089678,0.026178177,-0.015262423,-0.015569955,0.09364617,-0.075805016,0.08586646,-0.06095226,-0.0624795,-0.03360651,-0.008887996,0.032042786,0.068398826,-0.06443672,0.016077654,0.06701469,-0.021224122,0.04140736,-0.04967141,0.011173241,0.011479379,-0.052024383,-0.066426426,0.042748306,-0.0004883295,0.031859078,0.0062699006,-0.008615303,0.06174382,0.04737428,-0.032038108,-0.060840007,0.09601698,0.04459165,0.037705597,0.042801525,0.08130978,-0.052295446,-0.0099372985,0.0021617964
0.014315413,-0.054509513,0.0848314,-0.08152991,-0.0036482569,0.01408077,-0.06271939,0.034894813,0.06740911,-0.071309306,0.0034776276,-0.04864774,-0.028866498,0.05963138,0.021114694,-0.015604757,-0.03739023,-0.011500286,0.03786253,-0.036814712,-0.0764829,0.023144921,-0.023451129,0.06882561,0.009983638,-0.022820678,0.022525873,-0.009067801,-0.004974663,-0.003468894,-0.0023775727,0.014544893,0.100431874,-0.019576993,0.007754173,0.010027318,-0.033498526,0.032181572,-0.040079713,-0.083325036,0.016108919,0.069143675,0.049261663,-0.01781068,0.07244331,-0.00011865555,-0.0130859455,0.020257737,0.08063784,0.07705678,0.048287302,0.00020735293,0.0014467001,-0.004882528,-0.015492665,0.05409178,0.032375313,0.0356561,0.07199566,-0.007946186,-0.04412971,0.08064989,0.006979041,-0.08396655,-0.0045086364,-0.034249894,-0.007692098,0.0053690006,-0.03526969,-0.039490744,0.002454001,-0.03334618,0.009407361,-0.055785425,-0.03118144,-0.056445085,-0.06273709,-0.036019836,0.047117982,0.06208873,-0.056475237,-0.08720456,0.0020654309,-0.024180796,0.021178398,-0.035516996,0.03804573,0.029789487,-0.0073510627,-0.009214432,-0.06554316,0.02889073,0.056939017,0.030810429,-0.04437853,-0.04907096,0.015327815,-0.010376473,0.049547665,-0.008312813
-0.098295316,0.07188064,0.05669953,0.023576384,-0.010355763,0.042787414,0.08541981,0.0073803854,0.012858933,-0.058562513,-0.022974128,0.06356322,-0.029093865,-0.054854404,0.04043427,-0.037400104,0.09757351,-0.07432687,-0.05173235,0.049708292,-0.024687655,0.064763576,-0.033974227,0.00807655,0.0070339385,0.013023459,-0.0050025675,-0.008583901,-0.07234899,0.0017028087,0.034428354,-0.042864237,-0.06909391,-0.00043232113,-0.0096490905,-0.06011753,-0.061166704,0.007935357,0.07261812,0.015058981,-0.024823306,-0.03654051,0.041316703,-0.00042415113,-0.028681435,0.0073141395,-0.0060561304,0.015428491,0.02014567,-0.026317256,-0.014618419,0.010469332,0.037020463,-0.057556987,0.021599516,0.014200897,0.050595246,0.06774121,-0.07522148,0.05865502,-0.014326568,0.08677617,0.0889004,-0.063407175,0.04142359,0.01634234,-0.087475166,-0.075898975,0.07775808,-0.019902654,-0.06996601,0.07347996,0.07035523,-0.022448327,-0.08676755,-0.05507034,-0.03517978,0.0015931219,-0.009563879,0.022647403,-0.05303834,-0.03659314,-0.07515236,-0.022198867,-0.006665634,-0.025461536,0.08585814,0.07338017,-0.07521601,-0.046528745,0.043106146,0.035622757,-0.04242384,0.007800003,0.06446397,-0.02726703,0.013527661,-0.060454972,0.019177593,0.042326022
0.024671486,-0.093766764,-0.044309296,-0.020694016,-0.03713283,0.022622507,0.0014308059,-0.059253387,-0.013938159,-0.04030573,0.0470904,-0.032264978,-0.05927782,-0.07671361,-0.060166787,-0.08037283,0.027935311,-0.07616394,0.062886365,0.029454214,0.0537046,-0.011977294,-0.039350506,0.00934334,0.0004581678,0.0867396,0.041354865,0.0018477109,0.06088143,-0.06895577,-0.0909758,-0.02329645,0.064971976,-0.03477755,0.067032404,0.023497026,0.022168169,-0.0003630343,-0.02000037,0.061496083,-0.04742358,-0.012937707,0.039866246,0.05988569,-0.025216382,0.00603909,0.024214845,0.033547588,-0.038331248,0.021781964,0.042638768,-0.028595505,-0.04342409,0.06784432,-0.016374035,0.03095404,-0.026498644,0.019029204,0.051598646,-0.036981612,-0.062114857,0.026046751,-0.042866845,-0.019541105,-0.035282142,-0.020186102,0.09167903,0.06452327,0.04279701,0.00013492044,0.031662162,0.0026770318,-0.042323735,6.350001e-05,0.036565803,-0.012538359,0.014010195,-0.0032964242,-0.016826533,0.092851184,-0.060085606,0.028023986,-0.065648444,-0.02282373,-0.017951183,0.027913088,0.036758382,-0.050725594,-0.07983344,0.040138226,0.03365522,-0.07464167,0.012458789,0.04789815,-0.098553926,0.01264671,-0.035178993,-0.016282467,-0.012106663,0.022067973
-0.023986889,0.040256657,0.08842947,0.03223075,0.0014296147,0.028588718,0.032181244,-0.082504034,-0.014359326,0.01807198,-0.0381901,0.010940968,0.00034995464,-0.066384174,0.095457904,0.04464185,-0.029477857,-0.031220378,0.0980003,0.090095446,-0.013473162,-0.066708185,0.017047998,0.077207185,0.044614118,-0.06254984,-0.028596828,-0.015503657,-0.07744235,-0.004946578,0.0067524686,-0.036641434,0.040573467,-0.021264972,0.028179739,0.012541083,-0.049336065,-0.06477264,0.017411789,-0.078738816,-0.070096605,0.003714036,-0.06778602,0.015588256,0.06257739,-0.008126791,-0.03505509,0.05256525,-0.041503694,-0.091773815,0.0544257,-0.06295937,0.09794531,-0.0017599594,-0.05894772,-0.0054906756,0.05220497,-0.038589437,-0.02803781,-0.012114129,-0.069788955,0.00558152,0.041304972,-0.0006959845,0.028544161,-0.01868592,0.011300083,-0.026163474,0.051396504,0.05530908,0.014977384,0.003258378,0.032615602,0.07013405,0.03483016,-0.014616961,0.09812211,-0.05668013,-0.036402397,0.037945732,0.01208949,0.026065633,-0.015336844,-0.056612093,-0.03023366,-0.0009909895,-0.03979164,0.065266445,0.0014086997,0.009772277,-0.0016516572,0.0074405298,-0.072763786,-0.07001793,-0.010101724,0.009502093,-0.038347565,-0.014964779,0.019442622,-0.05394475
